"","party","HR333.BankruptcyOverhaul.Yes","SJRes6.ErgonomicsRuleDisapproval.No","HR3.IncomeTaxReduction.No","HR6.MarriageTaxReduction.Yes","HR8.EstateTaxRelief.Yes","HR503.FetalProtection.No","HR1.SchoolVouchers.No","HR1836.TaxCutReconciliationBill.No","HR2356.CampaignFinanceReform.No","HJRes36.FlagDesecration.No","HR7.FaithBasedInitiative.Yes","HJRes50.ChinaNormalizedTradeRelations.Yes","HR4.ANWRDrillingBan.Yes","HR2563.PatientsRightsHMOLiability.No","HR2563.PatientsBillOfRights.No","HR2944.DomesticPartnerBenefits.No","HR2586.USMilitaryPersonnelOverseasAbortions.Yes","HR2975.AntiTerrorismAuthority.No","HR3090.EconomicStimulus.No","HR3000.TradePromotionAuthorityFastTrack.No"
"Abercrombie","D",1,1,1,1,0,1,1,0,1,1,1,1,1,1,1,1,1,1,1,1
"Ackerman","D",NA,1,NA,1,1,1,1,NA,1,1,1,0,1,1,1,1,1,1,1,1
"Aderholt","R",0,0,0,0,0,0,0,0,0,0,0,1,0,0,0,0,0,NA,0,1
"Akin","R",0,0,0,0,0,0,0,0,0,0,0,1,0,0,0,0,0,0,0,0
"Allen","D",1,1,1,1,1,1,1,1,1,1,1,0,1,1,1,1,1,1,1,1
"Andrews","D",1,1,1,1,1,1,1,1,1,0,1,0,1,1,1,1,1,1,1,1
"Armey","R",0,0,0,0,0,0,0,0,0,0,0,0,0,0,0,0,0,0,0,0
"Baca","D",1,1,1,1,1,1,1,NA,1,0,1,1,0,1,1,1,1,1,1,1
"Bachus","R",0,0,0,0,0,0,0,0,0,0,0,0,0,0,0,0,0,0,0,0
"Baird","D",NA,1,1,1,1,1,1,1,1,0,1,0,1,1,1,1,1,1,1,1
"Baker","R",0,0,0,0,0,0,0,0,0,0,0,0,0,0,0,0,0,0,0,0
"Baldacci","D",1,1,1,1,1,1,1,1,1,0,1,1,1,1,1,1,1,1,1,1
"Baldwin","D",1,1,1,1,1,1,1,1,1,1,1,1,1,1,1,1,1,1,1,1
"Ballenger","R",0,0,0,0,0,0,0,0,0,0,0,0,0,0,0,0,0,0,0,0
"Barcia","D",1,1,1,0,1,0,1,0,1,0,1,1,1,1,1,1,0,1,1,1
"Barr","R",0,0,0,0,0,0,0,0,0,0,0,1,0,0,0,0,0,0,0,0
"Barrett","D",1,1,1,1,1,1,1,1,1,1,1,0,1,1,1,1,1,1,1,1
"Bartlett","R",0,0,0,0,0,0,0,0,0,0,0,1,1,0,0,0,0,0,0,1
"Barton","R",0,0,0,0,0,0,0,0,0,0,0,1,0,0,0,0,0,NA,0,0
"Bass","R",0,0,0,0,0,1,0,0,1,0,0,0,1,0,0,1,1,0,0,0
"Becerra","D",1,1,1,1,1,1,1,1,1,1,1,0,1,1,1,1,1,1,1,1
"Bentsen","D",0,1,1,1,1,1,1,NA,1,0,1,0,1,1,1,1,1,1,1,0
"Bereuter","R",0,0,0,0,1,0,1,0,0,0,0,0,0,0,0,0,0,0,0,0
"Berkley","D",1,1,1,1,1,1,1,0,1,0,1,1,1,1,1,1,1,1,1,1
"Berman","D",1,1,1,1,1,1,1,1,1,1,1,0,1,1,1,1,1,1,1,1
"Berry","D",0,1,1,0,1,0,1,1,1,0,1,0,0,1,1,0,0,1,1,1
"Biggert","R",0,0,0,0,0,1,1,0,0,0,0,0,0,0,0,1,1,0,0,0
"Bilirakis","R",0,0,0,0,0,0,1,0,0,0,0,1,0,0,0,0,0,0,0,0
"Bishop","D",1,1,0,1,1,0,1,NA,1,NA,1,0,0,1,1,1,1,1,1,1
"Blagojevich","D",1,1,1,1,1,1,1,1,1,0,1,0,1,1,1,1,1,1,1,1
"Blumenauer","D",1,1,1,1,1,1,1,NA,1,1,1,NA,1,1,1,1,1,1,1,1
"Blunt","R",0,0,0,0,0,0,1,0,0,0,0,0,0,0,0,0,0,NA,0,0
"Boehlert","R",0,1,0,0,0,1,1,0,1,0,0,0,1,0,0,1,1,0,0,0
"Boehner","R",0,0,0,0,0,0,0,0,0,0,0,0,0,0,0,0,0,0,0,0
"Bonilla","R",0,0,0,0,0,0,0,0,0,0,0,0,0,0,0,0,0,0,0,0
"Bonior","D",1,1,1,1,1,0,1,1,1,1,1,1,1,1,1,1,1,1,1,1
"Bono","R",0,0,0,0,0,1,0,0,0,0,0,0,0,0,0,1,1,0,0,0
"Boozman","R",NA,NA,NA,NA,NA,NA,NA,NA,NA,NA,NA,NA,NA,NA,NA,NA,NA,NA,NA,0
"Borski","D",1,1,1,1,1,0,1,1,1,1,1,1,1,1,1,1,0,1,1,1
"Boswell","D",0,1,1,1,1,1,1,1,1,0,1,0,1,1,1,1,1,1,1,1
"Boucher","D",0,1,1,1,1,1,1,1,1,1,1,0,1,1,1,1,1,1,1,1
"Boyd","D",0,0,1,1,1,1,1,NA,1,0,1,0,0,1,1,1,1,1,1,1
"Brady","D",1,1,1,1,1,1,1,1,1,1,1,1,0,1,1,1,1,1,1,1
"Brady1","R",0,0,0,0,0,0,0,0,0,0,0,0,0,0,0,0,0,0,0,0
"Brown","D",1,1,1,1,1,1,1,1,1,0,1,1,1,1,1,1,1,1,1,1
"Brown1","D",1,1,1,1,1,1,1,1,1,0,1,1,1,1,1,1,1,1,1,1
"Brown2","R",0,0,0,0,0,0,0,0,0,0,0,0,0,0,0,0,0,0,0,0
"Bryant","R",0,0,0,0,0,0,0,0,0,0,0,0,0,0,0,0,0,0,0,0
"Burr","R",0,0,0,0,0,0,1,0,0,0,0,1,0,0,0,0,0,0,0,0
"Burton","R",0,0,0,0,0,0,0,0,0,0,0,1,0,0,0,0,0,0,0,0
"Buyer","R",0,0,0,0,0,0,0,0,0,0,0,0,0,0,0,0,0,0,0,0
"Callahan","R",0,0,0,0,0,0,0,0,0,0,0,0,0,0,0,0,0,0,0,0
"Calvert","R",0,0,0,0,0,0,0,0,0,0,0,0,0,0,0,0,0,0,0,0
"Camp","R",0,0,0,0,0,0,0,0,0,0,0,0,0,0,0,0,0,0,0,0
"Cannon","R",NA,0,0,0,0,0,0,0,0,0,0,0,0,0,0,0,0,0,0,0
"Cantor","R",0,0,0,0,0,0,0,0,0,0,0,0,0,0,0,0,0,0,0,0
"Capito","R",0,0,0,0,0,0,1,0,0,0,0,1,0,0,0,0,1,0,0,1
"Capps","D",1,1,1,1,1,1,1,0,1,0,1,0,1,1,1,1,1,1,1,1
"Capuano","D",1,1,1,0,1,1,1,1,1,1,1,1,1,1,1,1,1,1,1,1
"Cardin","D",1,1,1,1,1,1,1,1,1,1,1,1,1,1,1,1,1,1,1,1
"Carson","D",1,1,1,1,1,1,1,1,1,1,1,1,1,1,1,1,1,1,1,1
"Carson1","D",0,0,1,1,1,1,1,0,1,0,1,0,0,1,1,1,1,1,1,0
"Castle","R",0,0,0,0,1,0,1,0,1,0,0,0,1,0,0,1,1,0,0,0
"Chabot","R",0,0,0,0,0,0,0,0,0,0,0,0,0,0,0,0,0,1,0,0
"Chambliss","R",0,0,0,0,0,0,0,0,0,0,0,0,0,0,0,0,0,0,0,0
"Clay","D",1,1,1,1,1,1,1,1,1,1,1,1,1,1,1,1,1,1,1,1
"Clayton","D",1,1,1,1,1,1,1,1,1,1,1,1,1,1,1,1,1,1,1,1
"Clement","D",0,0,0,1,1,0,1,0,1,0,1,0,1,1,1,0,1,1,1,1
"Clyburn","D",1,0,1,1,0,0,1,1,1,0,1,0,0,1,1,1,1,1,1,1
"Coble","R",0,0,0,0,0,0,0,0,0,0,0,1,0,0,0,0,0,0,0,1
"Collins","R",0,0,0,0,0,0,0,0,0,0,0,1,0,0,0,0,0,0,0,0
"Combest","R",0,0,0,0,0,0,0,0,0,0,0,0,0,0,0,0,0,0,0,0
"Condit","D",0,1,0,1,1,1,1,0,1,0,1,1,1,1,1,1,1,1,1,1
"Conyers","D",1,1,1,1,1,1,1,1,1,1,1,0,1,1,1,1,NA,1,1,1
"Cooksey","R",0,0,0,0,0,0,0,0,0,0,0,0,0,0,0,NA,0,0,0,0
"Costello","D",1,1,1,1,1,0,1,1,1,0,1,1,1,1,1,0,0,1,1,1
"Cox","R",0,0,0,0,0,0,0,0,0,0,0,1,0,0,0,0,0,0,0,0
"Coyne","D",1,1,1,1,1,1,1,NA,1,1,1,1,1,1,1,1,1,1,1,1
"Cramer","D",NA,0,0,1,1,0,1,0,1,0,0,0,0,1,0,0,1,1,1,1
"Crane","R",0,0,0,0,0,0,0,0,0,0,0,0,0,0,0,0,0,0,0,0
"Crenshaw","R",0,0,0,0,0,0,0,0,0,0,0,0,0,0,0,0,0,0,0,0
"Crowley","D",0,1,1,1,1,0,1,1,1,0,1,0,1,1,1,1,1,1,1,1
"Cubin","R",0,0,0,0,0,0,NA,NA,0,0,0,1,0,0,0,0,0,0,NA,0
"Culberson","R",0,0,0,0,0,0,0,0,0,0,0,0,0,0,0,0,0,0,0,0
"Cummings","D",1,1,1,1,1,1,1,1,1,0,1,1,1,1,1,1,1,1,1,1
"Cunningham","R",0,0,0,0,0,0,0,0,0,0,0,0,0,0,0,0,0,1,0,0
"Davis","D",1,1,1,1,1,1,1,1,1,1,1,1,1,1,1,1,1,1,1,1
"Davis1","D",1,1,1,1,1,1,1,1,1,1,1,0,1,1,1,1,1,1,1,0
"Davis2","D",0,1,1,1,1,1,1,1,1,0,1,0,1,1,1,1,1,1,1,0
"Davis3","R",0,0,0,0,0,0,1,0,0,0,0,0,1,0,0,1,0,0,0,0
"Davis4","R",0,0,0,0,0,0,0,0,0,0,0,1,0,0,0,0,0,0,0,0
"Deal","R",NA,0,0,0,0,0,0,0,0,0,0,1,0,0,0,0,0,0,0,0
"DeFazio","D",1,1,1,1,1,1,1,1,1,1,1,1,1,1,1,1,1,1,1,1
"DeGette","D",1,1,1,1,1,1,1,1,1,1,1,0,1,1,1,1,1,1,1,1
"Delahunt","D",1,1,1,1,1,1,1,1,1,NA,1,1,1,1,1,1,1,1,1,1
"DeLauro","D",1,1,1,1,1,1,1,1,1,1,1,0,1,1,1,1,1,1,1,1
"DeLay","R",0,0,0,0,0,0,0,0,0,0,0,NA,0,0,0,0,0,0,0,0
"DeMint","R",0,0,0,0,0,0,0,0,0,0,0,0,0,0,0,0,0,0,0,0
"Deutsch","D",1,1,1,1,1,1,1,1,1,0,1,0,1,1,1,1,1,1,1,1
"Diaz-Balart","R",0,0,0,0,0,0,0,0,0,0,0,1,0,0,0,0,0,0,0,0
"Dicks","D",1,1,1,1,1,1,1,1,1,1,1,0,1,1,1,1,1,1,1,0
"Dingell","D",1,1,1,1,1,0,1,1,1,1,1,1,1,1,1,1,1,1,1,1
"Doggett","D",1,1,1,0,1,1,1,NA,1,1,1,0,1,1,1,1,1,1,1,1
"Dooley","D",0,0,1,1,1,1,1,0,1,0,1,0,0,1,1,1,1,1,1,0
"Doolittle","R",0,0,0,0,0,0,0,0,0,0,0,0,0,0,0,0,0,0,0,0
"Doyle","D",1,1,1,1,1,0,1,1,1,0,1,1,1,1,1,1,0,1,1,1
"Dreier","R",0,0,0,0,0,0,0,0,0,1,0,0,0,0,0,1,0,0,0,0
"Duncan","R",0,0,0,0,0,0,0,0,0,0,0,1,0,0,0,0,0,0,0,1
"Dunn","R",0,0,0,0,0,0,0,0,0,0,0,0,1,0,0,0,1,0,0,0
"Edwards","D",0,1,1,1,1,1,1,1,1,0,1,0,0,1,1,1,1,1,1,1
"Ehlers","R",0,0,0,0,0,0,0,0,0,1,0,0,1,0,0,0,0,0,0,0
"Ehrlich","R",0,0,0,0,0,0,0,0,0,0,0,1,0,0,0,1,1,0,0,0
"Emerson","R",0,0,0,0,0,0,1,0,0,0,0,0,0,0,0,0,0,0,0,0
"Engel","D",1,1,1,1,1,1,1,1,1,1,NA,NA,1,1,1,1,NA,1,1,1
"English","R",0,0,0,0,0,0,1,0,0,0,0,0,0,0,0,1,0,0,0,0
"Eshoo","D",1,1,1,1,1,1,1,1,1,1,1,0,1,1,1,1,1,1,1,1
"Etheridge","D",1,1,1,1,1,1,1,1,1,0,1,0,1,1,1,1,1,1,1,0
"Evans","D",1,1,1,1,1,1,1,1,1,1,1,1,1,1,1,1,1,1,1,1
"Everett","R",0,0,0,0,0,0,0,0,0,0,0,1,0,0,0,0,0,0,0,0
"Farr","D",1,1,1,1,1,1,1,1,1,1,1,0,1,1,1,1,1,1,1,1
"Fattah","D",1,1,1,1,1,1,1,1,1,1,1,1,1,1,1,1,1,1,1,1
"Ferguson","R",0,1,0,0,0,0,1,0,0,0,0,0,1,0,0,1,0,0,0,0
"Filner","D",1,1,1,1,1,1,1,1,1,1,1,0,1,1,1,1,1,1,1,1
"Flake","R",0,0,0,0,0,0,0,0,0,1,0,0,0,0,0,0,0,0,0,0
"Fletcher","R",0,0,0,0,0,0,0,0,0,0,0,0,0,0,0,0,0,0,0,0
"Foley","R",0,0,0,0,0,1,0,0,0,0,1,0,1,0,0,1,1,0,0,1
"Forbes","R",NA,NA,NA,NA,NA,NA,NA,NA,0,0,0,0,0,0,0,0,0,0,0,0
"Ford","D",0,1,1,1,1,1,1,1,1,0,1,0,1,1,1,1,1,1,1,1
"Fossella","R",0,0,0,0,0,0,0,0,0,0,0,0,0,0,0,0,0,0,0,0
"Frank","D",1,1,1,1,1,1,1,1,1,1,1,1,1,1,1,1,1,1,1,1
"Frelinghuysen","R",0,0,0,0,0,1,0,0,0,0,0,0,1,0,0,1,1,0,0,0
"Frost","D",0,1,1,1,1,1,1,1,1,0,1,0,1,1,1,1,1,1,1,1
"Gallegly","R",0,0,0,0,0,0,0,0,0,0,0,0,0,0,0,0,0,0,0,0
"Ganske","R",0,0,0,0,0,0,1,0,1,0,0,0,0,1,0,1,0,0,1,0
"Gekas","R",0,0,0,0,0,0,1,0,0,0,0,0,0,0,0,0,0,0,0,0
"Gephardt","D",1,1,1,1,1,1,1,1,1,NA,1,1,1,1,1,1,1,1,1,1
"Gibbons","R",0,0,0,0,0,0,1,0,0,0,0,0,0,0,0,0,0,0,0,0
"Gilchrest","R",0,0,0,0,0,0,1,0,0,1,0,0,1,0,0,1,1,0,0,0
"Gillmor","R",0,0,0,0,0,0,1,NA,0,0,0,1,0,0,0,1,0,NA,0,0
"Gilman","R",0,1,0,0,0,1,1,0,0,0,0,1,1,0,0,1,1,0,0,1
"Gonzalez","D",1,1,1,1,1,1,1,1,1,1,1,0,1,1,1,1,1,1,1,1
"Goode","I",0,0,0,0,0,0,0,0,0,0,0,1,0,0,0,0,0,0,0,1
"Goodlatte","R",0,0,0,0,0,0,0,0,0,0,0,0,0,0,0,0,0,0,0,0
"Gordon","D",0,1,0,1,0,0,1,0,1,0,1,0,1,1,1,1,1,1,1,1
"Goss","R",0,0,0,0,0,0,0,0,0,0,0,0,0,0,0,0,0,0,0,0
"Graham","R",0,0,0,0,0,0,0,0,1,0,0,1,0,0,0,0,0,0,0,1
"Granger","R",0,0,0,0,0,0,0,0,0,0,0,0,0,0,0,0,0,0,0,0
"Graves","R",0,0,0,0,0,0,1,0,0,0,0,0,0,0,0,0,0,0,0,0
"Green","D",1,1,1,1,1,1,1,1,1,0,1,1,0,1,1,1,1,1,1,1
"Green1","R",0,0,0,0,0,0,0,0,0,0,0,0,0,0,0,0,0,0,0,0
"Greenwood","R",0,0,0,0,0,1,0,0,0,1,0,0,1,0,0,1,1,0,0,0
"Grucci","R",0,1,0,0,0,0,1,0,0,0,0,0,0,0,0,0,0,0,0,0
"Gutierrez","D",1,1,1,1,1,1,1,1,1,0,1,1,1,1,1,1,1,1,1,1
"Gutknecht","R",0,0,0,0,0,0,0,0,0,0,0,0,0,0,0,0,0,0,0,0
"Hall","D",1,1,1,1,1,0,1,NA,1,1,0,1,1,1,1,0,0,1,1,1
"Hall1","D",0,0,0,1,1,0,0,0,1,0,0,0,0,1,1,0,0,0,0,0
"Hansen","R",0,0,0,0,0,0,0,0,0,0,0,1,0,0,0,0,0,0,0,0
"Harman","D",1,1,1,1,1,1,1,1,1,0,1,0,1,1,1,1,1,1,1,1
"Hart","R",0,0,0,0,0,0,0,0,0,0,0,1,0,0,0,0,0,0,0,0
"Hastert","R",NA,0,0,NA,NA,0,0,0,0,NA,NA,0,0,0,0,NA,NA,0,0,0
"Hastings","D",1,1,1,1,1,1,1,1,1,1,1,1,1,1,1,1,1,1,1,1
"Hastings1","R",0,0,0,0,0,0,0,0,0,0,0,0,0,0,0,0,0,0,0,0
"Hayes","R",0,0,0,0,0,0,0,0,0,0,0,1,0,0,0,0,0,0,0,0
"Hayworth","R",0,0,0,0,0,0,0,0,0,0,0,1,0,0,0,0,0,0,0,0
"Hefley","R",0,0,0,0,0,0,0,0,0,0,0,1,0,0,0,0,0,0,0,0
"Herger","R",0,0,0,0,0,0,0,0,0,0,0,0,0,0,0,0,0,0,0,0
"Hill","D",0,1,1,1,1,0,1,1,1,1,1,0,1,1,1,1,1,1,NA,0
"Hilleary","R",0,0,0,0,0,0,0,0,0,0,0,1,0,0,0,0,0,0,0,0
"Hilliard","D",1,1,1,1,0,1,1,1,1,0,1,1,0,1,1,1,1,1,1,1
"Hinchey","D",1,1,1,1,1,1,1,1,1,1,1,1,1,1,1,1,1,1,1,1
"Hinojosa","D",1,1,1,1,1,1,1,1,1,0,1,0,1,1,1,1,1,1,1,0
"Hobson","R",0,0,0,0,0,0,1,0,0,0,0,1,0,0,0,1,0,0,0,0
"Hoeffel","D",1,1,1,1,1,1,1,1,1,1,1,1,1,1,1,1,1,1,1,1
"Hoekstra","R",0,0,0,0,0,0,0,0,0,1,0,0,0,0,0,0,0,0,0,1
"Holden","D",1,1,1,1,1,0,1,1,1,0,1,1,1,1,1,0,0,1,1,1
"Holt","D",0,1,1,1,1,1,1,1,1,1,1,0,1,1,1,1,1,1,1,1
"Honda","D",1,1,1,1,1,1,1,1,1,1,1,0,1,1,1,1,1,1,1,1
"Hooley","D",1,1,1,1,1,1,1,0,1,1,1,0,1,1,1,1,1,1,1,1
"Horn","R",0,1,0,0,0,1,1,0,0,0,0,0,1,0,0,1,1,0,0,0
"Hostettler","R",0,0,0,0,0,0,1,0,0,0,0,1,0,0,0,0,0,0,0,1
"Houghton","R",0,0,0,0,0,1,1,NA,1,0,0,0,1,0,0,1,1,0,0,0
"Hoyer","D",0,1,1,1,1,1,1,1,1,1,1,1,1,1,1,1,1,1,1,1
"Hulshof","R",0,0,0,0,0,0,1,0,0,0,0,0,0,0,0,0,0,0,0,0
"Hunter","R",0,0,0,0,0,0,0,0,0,0,0,1,0,0,0,0,0,0,0,0
"Hutchinson","R",0,0,0,0,0,0,1,0,0,0,0,0,NA,0,0,NA,NA,NA,NA,NA
"Hyde","R",0,0,0,0,0,0,0,0,0,0,0,1,0,0,0,0,0,0,0,0
"Inslee","D",NA,1,1,1,1,1,1,1,1,1,1,0,1,1,1,1,1,1,1,1
"Isakson","R",0,0,0,0,0,0,0,0,0,0,0,0,0,0,0,0,1,0,0,0
"Israel","D",1,1,1,1,1,1,1,0,1,1,1,0,1,1,1,1,1,1,1,1
"Issa","R",0,0,0,0,0,0,1,0,0,0,0,0,0,0,0,1,0,0,0,0
"Istook","R",0,0,0,0,0,0,0,0,0,0,0,0,0,0,0,0,0,0,0,0
"Jackson","D",1,1,1,1,0,1,1,1,1,1,1,1,1,1,1,1,1,1,1,1
"Jackson-Lee","D",1,1,1,1,1,1,1,1,1,1,1,1,1,1,1,1,1,1,1,1
"Jefferson","D",1,1,1,1,1,1,1,1,1,NA,1,0,0,1,1,1,1,1,1,0
"Jenkins","R",0,0,0,0,0,0,0,0,0,0,0,1,0,0,0,0,0,0,0,0
"John","D",0,0,1,1,1,0,NA,0,1,0,0,0,0,1,1,0,0,1,1,0
"Johnson","D",1,1,1,1,1,1,1,1,1,1,1,0,1,1,1,1,1,1,1,1
"Johnson1","R",0,0,0,0,0,1,1,0,1,0,0,0,1,0,0,1,1,0,0,0
"Johnson2","R",0,0,0,0,0,0,1,0,0,0,0,0,1,1,0,0,0,0,0,0
"Johnson3","R",0,0,0,0,0,0,0,0,0,0,0,0,0,0,0,0,0,0,0,0
"Jones","D",1,1,1,1,1,1,1,1,1,1,1,1,1,1,1,1,1,1,1,1
"Jones1","R",0,0,0,0,0,0,0,NA,0,0,0,1,0,0,0,0,0,0,0,1
"Kanjorski","D",1,1,1,0,0,0,1,1,1,0,1,0,0,1,1,1,0,1,1,1
"Kaptur","D",1,1,1,1,1,0,1,NA,1,0,1,1,1,1,1,1,1,1,1,1
"Keller","R",0,0,0,0,0,0,0,0,0,0,0,0,0,0,0,0,0,0,0,0
"Kelly","R",0,0,0,0,0,1,1,0,0,0,0,0,1,0,0,1,1,0,0,0
"Kennedy","D",0,1,1,1,1,1,1,1,1,1,1,1,1,1,1,1,1,1,1,1
"Kennedy2","R",0,0,0,0,0,0,1,0,0,0,0,0,1,0,0,0,0,0,0,0
"Kerns","R",0,0,0,0,0,0,0,0,0,0,0,0,0,0,0,0,0,0,0,0
"Kildee","D",1,1,1,1,1,0,1,1,1,0,1,1,1,1,1,1,0,1,1,1
"Kilpatrick","D",1,1,1,1,1,1,1,1,1,1,1,1,1,1,1,1,1,1,1,1
"Kind","D",1,1,1,1,1,0,1,1,1,1,1,0,1,1,1,1,1,1,1,1
"King","R",0,1,0,0,0,0,0,NA,0,0,0,1,0,0,0,0,0,0,0,0
"Kingston","R",NA,0,0,0,0,0,0,0,0,0,0,1,0,0,0,0,0,0,0,0
"Kirk","R",0,0,0,0,0,1,1,0,0,0,0,0,1,0,0,1,1,0,0,0
"Kleczka","D",1,1,1,1,1,1,1,1,1,1,1,0,1,1,1,1,1,1,1,1
"Knollenberg","R",0,0,0,0,0,0,0,0,0,0,0,0,0,0,0,0,0,0,0,0
"Kolbe","R",0,0,0,0,0,1,0,0,0,1,0,0,0,0,0,1,1,0,0,0
"Kucinich","D",1,1,1,1,1,0,1,1,1,0,1,1,1,1,1,1,0,1,1,1
"LaFalce","D",1,1,1,1,1,0,1,1,1,1,1,0,1,1,1,1,0,1,1,1
"LaHood","R",0,0,0,0,0,0,1,0,0,0,0,0,1,0,0,0,0,0,1,0
"Lampson","D",1,1,1,NA,1,1,1,1,1,0,1,0,1,1,1,1,1,1,1,1
"Langevin","D",1,1,1,1,1,0,1,1,1,0,1,1,1,1,1,1,0,1,1,1
"Lantos","D",1,1,1,1,1,1,1,1,1,0,1,1,1,1,1,1,1,1,1,1
"Largent","R",0,0,0,0,0,0,0,0,0,0,0,0,0,0,0,0,0,0,0,0
"Larsen","R",0,1,1,1,1,1,1,0,1,1,1,0,1,1,1,1,1,1,1,1
"Larson","D",1,1,1,1,1,1,1,1,1,0,1,0,1,1,1,1,1,1,1,1
"Latham","R",0,0,0,0,NA,0,0,0,0,0,0,0,0,0,0,0,0,0,0,0
"LaTourette","R",0,0,0,0,0,0,1,0,0,0,0,1,0,0,0,1,0,0,0,1
"Leach","R",0,0,0,0,0,NA,1,0,1,1,1,0,1,1,0,1,1,0,1,0
"Lee","D",1,1,1,1,0,1,1,1,1,1,1,1,1,1,1,1,1,1,1,1
"Levin","D",1,1,1,1,1,1,1,1,1,1,1,0,1,1,1,1,1,1,1,1
"Lewis","D",1,1,1,1,1,1,1,1,1,1,1,1,1,1,1,1,1,1,1,1
"Lewis1","R",0,0,0,0,0,0,0,0,0,0,0,0,0,0,0,1,0,0,0,0
"Lewis2","R",0,0,0,0,0,0,0,0,0,0,0,0,0,0,0,0,0,0,0,0
"Linder","R",0,0,0,0,0,0,0,0,0,0,0,0,0,0,0,0,0,0,0,0
"Lipinski","D",0,1,1,0,1,0,0,NA,1,0,0,1,NA,NA,NA,0,0,1,1,1
"LoBiondo","R",0,1,0,0,0,0,1,0,1,0,0,1,1,0,0,0,0,0,0,1
"Lofgren","D",0,1,1,1,1,1,1,1,1,1,1,0,1,1,1,1,1,1,1,1
"Lowey","D",1,1,1,1,1,1,1,1,1,1,1,0,1,1,1,1,1,1,1,1
"Lucas","D",0,1,0,0,1,0,1,0,1,0,0,0,0,0,0,0,0,1,0,0
"Lucas1","R",0,0,0,0,0,0,1,0,0,0,0,0,0,0,0,0,0,0,0,0
"Luther","D",1,1,1,1,1,1,1,1,1,0,1,0,1,1,1,1,1,1,1,1
"Lynch","N",NA,NA,NA,NA,NA,NA,NA,NA,NA,NA,NA,NA,NA,NA,NA,NA,NA,NA,1,1
"Maloney","D",1,1,1,1,1,1,1,1,1,1,1,0,1,1,1,1,1,1,1,1
"Maloney1","D",0,1,1,1,1,1,1,1,1,0,1,0,1,1,1,1,1,1,1,1
"Manzullo","R",0,0,0,0,0,0,0,0,0,0,0,0,0,0,0,0,0,0,0,0
"Markey","D",1,1,1,1,1,1,1,1,1,1,1,1,1,1,1,1,1,1,1,1
"Mascara","D",1,1,1,1,1,0,1,1,1,0,1,1,0,1,1,0,0,1,1,1
"Matheson","D",0,1,1,0,1,0,1,0,1,1,1,0,1,1,1,1,1,1,1,0
"Matsui","D",1,1,1,1,1,1,1,1,1,1,1,0,1,1,1,1,1,1,1,1
"McCarthy","D",1,1,1,1,1,1,1,1,1,1,1,0,1,1,1,1,1,1,1,1
"McCarthy1","D",1,1,1,1,1,1,1,0,1,0,1,0,1,1,1,1,1,1,1,1
"McCollum","D",1,1,1,1,1,1,1,1,1,1,1,1,1,1,1,1,1,1,1,1
"McCrery","R",0,0,0,0,0,0,0,0,0,0,0,0,0,0,0,1,0,0,0,0
"McDermott","D",1,1,1,1,1,1,1,1,1,1,1,0,1,1,1,1,1,1,1,1
"McGovern","D",1,1,1,1,1,1,1,1,1,0,1,0,1,1,1,1,1,1,1,1
"McHugh","R",0,1,0,0,0,0,1,0,0,0,0,0,0,0,0,0,0,NA,0,1
"McInnis","R",0,0,0,0,0,0,0,0,0,0,0,0,0,0,0,0,NA,0,0,0
"McIntyre","D",1,0,0,1,1,0,1,NA,1,0,0,1,1,1,1,0,0,1,1,1
"McKeon","R",0,0,0,0,0,0,0,0,0,0,0,0,0,0,0,0,0,0,0,0
"McKinney","D",1,1,1,1,1,1,1,1,1,1,NA,NA,1,1,1,1,1,1,1,1
"McNulty","D",1,1,1,1,1,0,1,1,1,0,1,0,1,1,1,1,0,1,1,1
"Meehan","D",1,1,1,1,1,1,1,1,1,1,NA,0,1,1,1,1,1,1,1,1
"Meek","D",1,1,1,1,1,NA,1,NA,1,1,1,0,1,1,1,1,1,1,1,NA
"Meeks","D",1,1,1,1,1,1,1,1,1,1,1,0,1,1,1,NA,NA,1,1,1
"Menendez","D",1,1,1,1,1,1,1,1,1,0,1,1,1,1,1,1,1,1,1,1
"Mica","R",0,0,0,0,0,0,0,0,0,0,0,0,0,0,0,0,0,0,0,0
"Millender-McDonald","D",1,1,1,1,1,1,1,NA,1,0,1,1,1,1,1,1,1,1,1,1
"Miller","D",1,1,1,1,1,1,1,1,1,1,1,1,1,1,1,1,1,1,1,1
"Miller1","R",0,0,0,0,0,0,0,0,0,0,0,0,0,0,0,1,1,NA,0,0
"Miller2","R",0,0,0,0,0,0,0,0,0,0,0,0,0,0,0,0,0,0,0,0
"Miller3","R",NA,NA,NA,NA,NA,NA,NA,NA,NA,NA,NA,NA,NA,NA,NA,NA,NA,NA,0,0
"Mink","D",1,1,1,1,1,1,1,1,1,1,1,1,1,1,1,1,1,1,1,1
"Moakley","D",1,1,1,1,1,NA,NA,NA,NA,NA,NA,NA,NA,NA,NA,NA,NA,NA,NA,NA
"Mollohan","D",0,1,1,1,1,0,1,1,1,0,0,1,0,1,1,1,NA,NA,1,1
"Moore","D",1,1,1,1,1,1,1,0,1,1,1,0,1,1,1,1,1,1,1,0
"Moran","D",0,1,1,1,1,1,1,1,1,1,1,0,1,1,1,1,1,1,1,0
"Moran1","R",0,0,0,0,0,0,1,0,0,0,0,0,0,0,0,0,0,0,0,0
"Morella","R",0,0,0,0,1,1,1,0,1,0,1,0,1,1,0,1,1,0,1,0
"Murtha","D",1,1,1,0,0,0,1,1,1,0,1,0,0,1,1,1,0,1,1,1
"Myrick","R",0,0,0,0,0,0,0,0,0,0,0,0,0,0,0,0,0,0,0,0
"Nadler","D",1,1,1,1,1,1,1,1,1,1,1,1,1,1,1,1,NA,1,1,1
"Napolitano","D",1,1,1,1,1,1,1,1,1,0,1,0,1,1,1,1,1,1,1,1
"Neal","D",1,1,1,1,1,0,1,1,1,0,1,0,1,1,1,1,1,1,1,1
"Nethercutt","R",0,0,0,0,0,0,0,0,0,0,0,0,0,0,0,0,0,0,0,0
"Ney","R",0,0,0,0,0,0,1,0,0,0,0,1,0,0,0,0,0,0,0,0
"Northup","R",0,0,0,0,0,0,0,0,0,0,0,0,0,0,0,0,0,0,0,0
"Norwood","R",NA,0,0,0,0,0,0,0,0,0,0,1,0,0,0,0,0,0,0,1
"Nussle","R",0,0,0,0,0,0,0,0,0,0,0,0,0,0,0,0,0,0,0,0
"Oberstar","D",1,1,1,1,1,0,1,NA,1,1,1,0,0,1,1,1,0,1,1,1
"Obey","D",1,1,1,1,1,0,1,1,1,1,1,1,1,1,1,1,1,1,1,1
"Olver","D",1,1,1,1,1,1,1,1,1,1,1,1,1,1,1,1,1,1,1,1
"Ortiz","D",1,1,1,1,1,0,1,1,1,0,1,0,0,1,1,1,0,1,1,0
"Osborne","R",0,0,0,0,0,0,1,0,0,0,0,0,0,0,0,0,0,0,0,0
"Ose","R",0,0,0,0,0,1,1,0,0,0,0,0,0,0,0,1,1,0,0,0
"Otter","R",0,0,0,0,0,0,0,0,0,0,0,0,0,0,0,0,0,0,0,0
"Owens","D",1,1,1,1,1,1,1,1,1,1,1,1,1,1,1,NA,1,1,1,1
"Oxley","R",0,0,0,0,0,0,0,0,0,0,0,0,0,0,0,0,0,0,0,0
"Pallone","D",1,1,1,1,1,1,1,1,1,0,1,1,1,1,1,1,1,1,1,1
"Pascrell","D",1,1,1,1,1,1,1,1,1,0,1,1,1,1,1,1,1,1,1,1
"Pastor","D",1,1,1,1,1,1,1,1,1,1,1,1,1,1,1,1,1,1,1,1
"Paul","R",0,0,0,0,0,1,1,0,NA,1,0,0,0,NA,NA,0,0,0,0,1
"Payne","D",1,1,1,1,1,1,1,1,1,1,1,1,1,1,1,1,1,1,1,1
"Pelosi","D",1,1,1,1,1,1,1,1,1,1,1,1,1,1,1,1,1,1,1,1
"Pence","R",0,0,0,0,0,0,0,0,0,0,0,0,0,0,0,0,0,0,0,0
"Peterson","D",0,1,0,1,1,0,1,0,1,1,0,1,0,0,0,NA,NA,1,1,1
"Peterson1","R",0,0,0,0,0,0,0,0,0,0,0,0,0,0,0,0,NA,0,0,0
"Petri","R",0,1,0,0,0,0,0,0,1,1,0,0,1,0,0,0,0,1,0,0
"Phelps","D",0,1,1,1,1,0,1,1,1,0,0,1,0,1,1,0,0,1,1,1
"Pickering","R",0,0,0,0,0,0,0,0,0,0,0,1,0,0,0,0,0,0,0,0
"Pitts","R",0,0,0,0,0,0,0,0,0,0,0,0,0,0,0,0,0,0,0,0
"Platts","R",0,0,0,0,0,0,1,0,0,0,0,0,0,0,0,0,0,0,0,0
"Pombo","R",0,0,0,0,0,0,1,0,0,0,0,1,0,0,0,0,0,0,0,0
"Pomeroy","D",1,1,1,1,1,0,1,1,1,0,1,0,1,1,1,1,1,1,1,1
"Portman","R",0,0,0,0,0,0,0,0,0,0,0,0,0,0,0,0,0,0,0,0
"Price","D",1,1,1,1,1,1,1,1,1,1,1,0,1,1,1,1,1,1,1,1
"Pryce","R",0,0,0,0,0,0,1,0,0,0,0,0,0,0,0,1,1,0,0,0
"Putnam","R",0,0,0,0,0,0,0,0,0,0,0,0,0,0,0,0,0,0,0,1
"Quinn","R",0,1,0,0,0,0,1,NA,0,0,0,1,0,0,0,0,0,0,1,NA
"Radanovich","R",0,0,0,0,0,0,0,0,0,0,0,1,0,0,0,0,0,0,0,0
"Rahall","D",1,1,1,1,1,0,1,NA,1,0,1,1,1,1,1,1,0,1,1,1
"Ramstad","R",1,0,0,0,0,0,1,0,0,0,0,0,1,0,0,0,1,0,0,0
"Rangel","D",1,1,1,1,1,0,1,1,1,1,1,0,1,1,1,1,1,1,1,1
"Regula","R",0,0,0,0,0,0,1,0,0,0,0,1,0,0,0,1,0,0,0,1
"Rehberg","R",0,0,0,0,0,0,1,0,0,0,0,0,0,0,0,0,0,0,0,0
"Reyes","D",1,1,1,1,1,1,1,1,1,NA,1,1,0,1,1,1,1,1,1,1
"Reynolds","R",0,0,0,0,0,0,1,0,0,0,0,0,0,0,0,0,0,0,0,0
"Riley","R",0,0,0,0,0,0,0,0,0,0,0,1,0,0,0,0,0,0,0,0
"Rivers","D",1,1,1,1,1,1,1,1,1,1,1,1,1,1,1,1,1,1,1,1
"Rodriguez","D",1,1,1,1,1,1,1,NA,1,0,1,0,1,1,1,1,1,1,1,1
"Roemer","D",0,1,1,1,1,0,1,0,1,0,1,0,1,1,1,1,0,1,1,1
"Rogers","R",0,0,0,0,0,0,1,0,0,0,0,0,0,0,0,0,0,0,0,0
"Rogers1","R",0,0,0,0,0,0,0,0,0,0,0,1,0,0,0,0,0,0,0,1
"Rohrabacher","R",0,0,0,0,0,0,0,0,0,0,0,1,0,0,0,1,0,0,0,0
"Ros-Lehtinen","R",NA,0,0,NA,0,0,0,0,0,0,0,1,0,0,0,1,0,0,0,0
"Ross","D",0,1,1,1,1,0,1,0,1,0,0,1,0,1,1,1,0,1,1,1
"Rothman","D",NA,1,1,NA,1,1,1,1,1,0,1,1,1,1,1,1,1,1,1,1
"Roukema","R",0,0,0,0,0,1,1,0,1,0,0,0,1,1,0,0,1,0,0,NA
"Roybal-Allard","D",1,1,1,1,1,1,1,1,1,1,1,1,1,1,1,1,1,1,1,1
"Royce","R",0,0,0,0,0,0,0,0,0,0,0,1,0,0,0,0,0,0,0,0
"Rush","D",1,1,1,1,1,NA,1,NA,1,0,1,1,1,1,1,NA,NA,1,1,1
"Ryan","R",0,0,0,0,0,0,0,0,0,0,0,0,0,0,0,0,0,0,0,0
"Ryun","R",0,0,0,0,0,0,0,0,0,0,0,0,0,0,0,0,0,0,0,0
"Sabo","D",1,1,1,1,1,1,1,1,1,1,1,1,1,1,1,1,1,1,1,1
"Sanchez","D",0,1,1,1,1,1,1,1,1,0,1,1,1,1,1,1,1,1,1,1
"Sanders","I",1,1,1,1,1,1,1,1,1,1,1,1,1,1,1,1,1,1,1,1
"Sandlin","D",0,1,1,1,1,1,1,0,1,0,1,1,0,1,1,1,1,1,1,1
"Sawyer","D",1,1,1,1,1,1,1,1,1,1,1,1,1,1,1,1,1,1,1,1
"Saxton","R",0,1,0,0,0,0,1,0,0,0,0,NA,1,0,0,0,0,0,0,0
"Scarborough","R",0,0,0,0,0,0,0,NA,1,0,0,1,0,0,0,NA,NA,NA,NA,NA
"Schaffer","R",0,0,0,0,0,0,0,0,0,0,0,1,0,0,0,0,0,0,0,0
"Schakowsky","D",1,1,1,1,1,1,1,1,1,1,1,1,1,1,1,1,1,1,1,1
"Schiff","D",1,1,1,1,1,1,1,0,1,NA,1,0,1,1,1,1,1,1,1,1
"Schrock","R",0,0,0,0,0,0,0,0,0,0,0,0,0,0,0,0,0,0,0,0
"Scott","D",1,1,1,1,1,1,1,1,1,1,1,1,1,1,1,1,1,1,1,1
"Sensenbrenner","R",0,0,0,0,0,0,0,0,0,0,0,1,1,0,0,0,0,0,0,0
"Serrano","D",1,1,1,1,1,1,1,1,1,1,1,0,1,1,1,NA,NA,1,1,1
"Sessions","R",0,0,0,0,0,0,0,0,0,0,0,0,0,0,0,0,0,0,0,0
"Shadegg","R",0,0,0,0,0,0,0,0,0,1,0,0,0,0,0,0,0,0,0,0
"Shaw","R",0,0,0,0,0,0,0,0,0,0,0,0,0,0,0,1,1,0,0,0
"Shays","R",0,0,0,0,0,1,0,0,1,1,1,0,1,0,0,1,1,0,0,0
"Sherman","D",1,1,1,1,1,1,1,1,1,0,1,1,1,1,1,1,1,1,1,1
"Sherwood","R",0,0,0,0,0,0,0,0,0,0,0,0,0,0,0,0,0,0,0,0
"Shimkus","R",0,0,0,0,0,0,1,0,0,0,0,0,0,0,0,0,0,0,0,0
"Shows","D",0,0,0,1,1,0,1,0,1,0,0,0,0,1,1,0,0,0,1,1
"Shuster","R",NA,NA,NA,NA,NA,NA,1,0,0,0,0,0,0,0,0,0,0,0,0,0
"Simmons","R",0,0,0,0,0,1,1,0,1,0,0,0,1,0,0,1,1,0,0,1
"Simpson","R",0,0,0,0,0,0,1,0,0,0,0,0,0,0,0,0,0,0,0,0
"Sisisky","D",0,0,1,NA,NA,NA,NA,NA,NA,NA,NA,NA,NA,NA,NA,NA,NA,NA,NA,NA
"Skeen","R",0,0,0,0,0,0,0,0,0,0,0,0,0,0,0,0,0,0,0,0
"Skelton","D",0,0,NA,1,1,0,1,1,1,0,0,0,0,1,1,1,0,1,1,0
"Slaughter","D",1,1,1,1,1,1,1,1,1,1,1,0,1,1,1,1,1,1,1,1
"Smith","D",0,1,1,1,1,1,1,1,1,0,1,0,1,1,0,1,1,1,1,1
"Smith1","R",0,1,0,0,0,0,1,0,0,0,0,1,1,1,0,0,0,0,0,1
"Smith2","R",0,0,0,0,0,0,0,0,0,0,0,0,0,0,0,0,0,0,1,0
"Smith3","R",0,0,0,0,0,0,0,0,0,0,0,0,0,0,0,0,0,0,0,0
"Snyder","D",NA,1,1,1,1,1,1,1,1,1,1,0,1,1,1,1,1,1,1,0
"Solis","D",1,1,1,1,1,1,1,1,1,1,1,1,1,1,1,1,1,1,1,1
"Souder","R",0,0,0,0,0,0,0,0,1,0,0,1,0,0,0,0,0,0,0,0
"Spence","R",0,0,0,0,0,0,0,0,0,NA,NA,NA,NA,NA,NA,NA,NA,NA,NA,NA
"Spratt","D",1,0,1,1,1,0,1,1,1,0,1,1,1,1,1,1,1,1,1,1
"Stark","D",1,1,1,1,1,1,1,1,1,1,1,1,NA,1,1,1,1,1,1,1
"Stearns","R",0,0,0,0,0,0,0,0,0,0,0,1,0,0,0,0,0,0,0,0
"Stenholm","D",0,0,1,1,1,0,1,1,1,0,0,0,0,1,1,0,0,1,1,0
"Strickland","D",0,1,1,1,1,1,1,1,1,0,1,1,1,1,1,1,1,1,1,1
"Stump","R",0,0,0,0,0,0,0,0,0,0,0,0,0,0,0,0,0,0,0,0
"Stupak","D",1,NA,NA,1,1,0,1,1,1,0,1,1,1,1,1,1,0,1,1,1
"Sununu","R",0,0,0,0,0,0,0,0,0,0,0,0,0,0,0,0,0,0,0,0
"Sweeney","R",0,0,0,0,0,0,1,0,0,0,0,0,1,0,0,1,0,0,0,0
"Tancredo","R",0,0,0,0,0,0,0,0,0,0,0,1,0,0,0,0,0,0,0,0
"Tanner","D",0,0,1,1,1,0,NA,1,1,1,1,0,0,1,1,0,1,1,1,0
"Tauscher","D",0,1,1,1,1,1,1,0,1,1,1,0,1,1,1,1,1,1,1,1
"Tauzin","R",0,0,0,0,0,0,0,0,0,0,0,0,0,0,0,0,0,0,0,0
"Taylor","D",0,0,1,0,1,0,1,1,1,0,0,1,0,1,1,0,0,1,1,1
"Taylor1","R",0,0,0,0,0,0,0,0,0,0,0,1,0,0,0,0,0,0,0,1
"Terry","R",0,0,0,0,0,0,0,0,0,0,0,0,0,0,0,0,0,0,0,0
"Thomas","R",0,0,0,0,0,1,0,0,0,0,0,0,0,0,0,1,1,0,0,0
"Thompson","D",1,1,1,1,1,1,1,1,1,1,1,0,1,1,1,1,1,1,1,1
"Thompson1","D",1,1,1,1,0,1,1,1,1,0,1,1,0,1,1,1,1,1,1,1
"Thornberry","R",0,0,0,0,0,0,0,0,0,0,0,0,0,0,0,0,0,0,0,0
"Thune","R",0,0,0,0,0,0,1,0,0,0,0,0,0,0,0,0,0,0,1,0
"Thurman","D",1,1,1,1,1,1,1,1,1,0,1,0,1,1,1,1,1,1,1,1
"Tiahrt","R",0,0,0,0,0,0,0,0,0,0,0,0,0,0,0,0,0,0,0,0
"Tiberi","R",0,0,0,0,0,0,0,0,0,0,0,0,0,0,0,0,0,0,0,0
"Tierney","D",1,1,1,1,1,1,1,1,1,1,1,1,1,1,1,1,1,1,1,1
"Toomey","R",0,0,0,0,0,0,0,0,0,0,0,0,0,0,0,0,0,0,0,0
"Towns","D",1,1,1,1,0,1,1,NA,1,0,1,1,0,1,1,NA,NA,NA,1,1
"Traficant","D",0,1,0,0,0,0,1,0,0,0,0,1,0,0,0,0,0,0,0,1
"Turner","D",0,0,1,1,1,0,1,0,1,0,0,0,0,1,1,1,1,1,1,1
"Udall","D",1,1,1,1,1,1,1,1,1,1,1,1,1,1,1,1,1,1,1,1
"Udall1","D",1,1,1,1,1,1,1,1,1,1,1,1,1,1,1,1,1,1,1,1
"Upton","R",0,0,0,0,0,0,1,0,1,0,0,0,0,0,0,0,0,0,0,0
"Velazquez","D",1,1,1,1,1,1,1,1,1,1,1,1,1,1,1,NA,NA,1,1,1
"Visclosky","D",1,1,1,0,1,1,NA,1,1,1,1,1,1,1,1,1,NA,1,1,1
"Vitter","R",0,0,0,0,0,0,0,0,0,0,0,0,0,0,0,0,0,0,0,0
"Walden","R",0,0,0,0,0,0,1,0,0,0,0,0,0,0,0,0,1,0,0,0
"Walsh","R",0,0,0,0,0,0,0,NA,0,0,0,0,1,0,0,0,0,0,0,1
"Wamp","R",0,0,0,0,0,0,1,0,1,0,0,1,0,0,0,0,0,0,0,0
"Waters","D",1,1,1,1,1,1,1,NA,1,1,1,1,1,1,1,1,1,1,1,1
"Watkins","R",0,0,0,0,0,0,0,0,0,0,0,0,0,0,0,0,0,0,0,0
"Watson","D",NA,NA,NA,NA,NA,NA,NA,NA,1,1,1,1,1,1,1,NA,NA,1,1,1
"Watt","D",1,1,1,1,1,1,1,1,1,1,1,0,1,1,1,1,1,1,1,1
"Watts","R",0,0,0,0,0,0,0,0,0,0,0,0,0,0,0,0,0,0,0,0
"Waxman","D",1,1,1,1,1,1,1,NA,1,1,1,0,1,1,1,1,1,1,1,1
"Weiner","D",1,1,1,1,1,1,1,1,1,1,1,0,1,1,1,1,1,1,1,1
"Weldon","R",0,1,0,0,0,0,1,0,0,0,0,0,0,0,0,0,0,0,0,1
"Weldon1","R",0,0,0,0,0,0,0,0,0,0,0,1,0,0,0,0,0,0,0,0
"Weller","R",0,0,0,0,0,0,0,0,0,0,0,0,0,0,0,0,0,0,0,0
"Wexler","D",1,1,1,1,1,1,1,1,1,1,1,1,1,1,1,1,1,1,1,1
"Whitfield","R",0,0,0,0,0,0,0,0,0,0,0,0,0,0,0,0,0,0,0,0
"Wicker","R",0,0,0,0,0,0,0,0,0,0,0,0,0,0,0,0,0,0,0,0
"Wilson","R",0,0,0,0,0,0,1,0,0,0,0,0,0,0,0,0,0,0,0,0
"Wolf","R",0,0,0,0,0,0,0,0,1,0,0,1,0,0,0,0,0,0,0,0
"Woolsey","D",1,1,1,1,1,1,1,1,1,1,1,1,1,1,1,1,1,1,1,1
"Wu","D",1,1,1,1,1,1,1,1,1,1,1,1,1,1,1,1,1,1,1,1
"Wynn","D",1,1,1,1,1,1,1,NA,1,0,1,1,1,1,1,1,1,1,1,1
"Young","R",0,0,0,0,0,0,1,0,0,0,0,0,0,0,0,0,0,0,0,0
"Young1","R",0,0,0,0,0,0,0,0,0,0,0,1,0,0,0,0,0,0,0,NA
